City_ID,City,Country,Date,Lat,Lng,Max Temp,Humidity,Cloudiness,Wind Speed
0,Bowen,AU,2022-07-09 01:30:42,-20.0167,148.2333,67.17,59,0,6.89
1,Kaitangata,NZ,2022-07-09 01:30:42,-46.2817,169.8464,43.84,87,100,17.98
2,Bathsheba,BB,2022-07-09 01:30:42,13.2167,-59.5167,81.21,91,40,19.57
3,Norman Wells,CA,2022-07-09 01:30:43,65.282,-126.8329,84.24,28,75,10.36
4,Carnarvon,AU,2022-07-09 01:30:43,-24.8667,113.6333,69.44,33,0,9.95
5,Tangping,CN,2022-07-09 01:30:43,22.0265,111.9323,86.11,72,50,4.34
6,Busselton,AU,2022-07-09 01:30:43,-33.65,115.3333,64.02,86,100,25.81
7,Najran,SA,2022-07-09 01:30:44,17.4924,44.1277,83.05,52,100,12.26
8,Mataura,NZ,2022-07-09 01:30:44,-46.1927,168.8643,43.48,94,100,8.5
9,Murdochville,CA,2022-07-09 01:30:44,48.9583,-65.5006,54.48,93,6,3.94
10,Kapaa,US,2022-07-09 01:30:45,22.0752,-159.319,85.98,68,20,14.97
11,Bluff,NZ,2022-07-09 01:30:45,-46.6,168.3333,43.81,71,100,28.07
12,Amapa,BR,2022-07-09 01:30:45,1.0,-52.0,71.28,99,100,1.48
13,Wajir,KE,2022-07-09 01:30:45,1.7471,40.0573,71.94,71,100,14.43
14,Ushuaia,AR,2022-07-09 01:28:56,-54.8,-68.3,29.86,100,100,9.22
15,Mahebourg,MU,2022-07-09 01:30:46,-20.4081,57.7,68.29,73,75,14.97
16,Hervey Bay,AU,2022-07-09 01:28:13,-25.2986,152.8535,57.96,53,0,10.92
17,Clyde River,CA,2022-07-09 01:30:46,70.4692,-68.5914,39.43,81,0,4.61
18,Barrow,US,2022-07-09 01:30:47,71.2906,-156.7887,44.62,81,0,11.5
19,Cherskiy,RU,2022-07-09 01:30:47,68.75,161.3,51.24,70,96,18.32
20,Pompeu,BR,2022-07-09 01:30:47,-19.2244,-44.9353,58.96,54,0,4.65
21,Vaini,TO,2022-07-09 01:30:48,-21.2,-175.2,78.96,73,40,9.22
22,Faya,SA,2022-07-09 01:30:48,18.3851,42.4509,66.31,33,100,9.62
23,Warrington,GB,2022-07-09 01:30:48,53.3925,-2.5802,62.87,89,75,10.36
24,Esperance,AU,2022-07-09 01:30:48,-33.8667,121.9,60.89,56,61,24.47
25,Arrecife,ES,2022-07-09 01:30:49,28.963,-13.5477,75.18,73,0,12.66
26,Sedalia,US,2022-07-09 01:30:49,38.7045,-93.2283,85.71,70,0,5.99
27,Jamestown,US,2022-07-09 01:28:39,42.097,-79.2353,73.04,64,0,6.91
28,Den Helder,NL,2022-07-09 01:30:49,52.9599,4.7593,62.98,84,100,10.0
29,Saldanha,ZA,2022-07-09 01:28:08,-33.0117,17.9442,57.87,54,6,9.37
30,Kushiro,JP,2022-07-09 01:30:50,42.975,144.3747,63.55,100,75,8.05
31,Berlevag,NO,2022-07-09 01:30:50,70.8578,29.0864,50.0,93,100,2.3
32,Pochutla,MX,2022-07-09 01:30:50,15.7432,-96.4661,82.81,89,47,4.07
33,Axim,GH,2022-07-09 01:30:51,4.8699,-2.2405,75.52,88,83,11.36
34,Faanui,PF,2022-07-09 01:30:51,-16.4833,-151.75,78.48,69,0,8.23
35,Port Alfred,ZA,2022-07-09 01:30:51,-33.5906,26.891,62.82,31,0,9.06
36,Codrington,AU,2022-07-09 01:30:51,-38.2667,141.9667,53.8,74,31,5.7
37,Flin Flon,CA,2022-07-09 01:26:15,54.7682,-101.865,66.81,68,94,8.72
38,Gandorhun,SL,2022-07-09 01:30:52,7.5,-11.8333,73.47,95,100,1.88
39,Dawlatabad,AF,2022-07-09 01:30:52,36.4141,64.9053,76.8,21,0,4.05
40,Plouzane,FR,2022-07-09 01:30:52,48.3833,-4.6167,59.32,97,0,6.91
41,Nouadhibou,MR,2022-07-09 01:30:52,20.931,-17.0347,67.98,88,3,9.22
42,Talara,PE,2022-07-09 01:30:53,-4.5772,-81.2719,63.61,90,17,13.53
43,Lebu,CL,2022-07-09 01:30:53,-37.6167,-73.65,51.78,85,100,26.93
44,Butaritari,KI,2022-07-09 01:30:53,3.0707,172.7902,81.88,77,100,13.31
45,Arraial Do Cabo,BR,2022-07-09 01:30:54,-22.9661,-42.0278,68.99,85,27,11.79
46,Rikitea,PF,2022-07-09 01:31:54,-23.1203,-134.9692,74.08,79,100,20.54
47,Dingle,PH,2022-07-09 01:31:54,10.9995,122.6711,83.32,77,100,9.75
48,Nanortalik,GL,2022-07-09 01:31:54,60.1432,-45.2371,45.32,86,100,7.74
49,Safford,US,2022-07-09 01:31:55,32.834,-109.7076,90.52,33,75,10.36
50,Atuona,PF,2022-07-09 01:31:55,-9.8,-139.0333,78.13,78,18,16.93
51,Maningrida,AU,2022-07-09 01:31:55,-12.0667,134.2667,79.61,38,99,13.04
52,Wanxian,CN,2022-07-09 01:31:56,30.8039,108.3897,90.66,66,6,2.64
53,Albany,US,2022-07-09 01:31:56,42.6001,-73.9662,75.61,62,100,1.01
54,Sao Paulo De Olivenca,BR,2022-07-09 01:31:56,-3.3783,-68.8725,73.31,98,41,1.63
55,Kota Kinabalu,MY,2022-07-09 01:31:56,5.9749,116.0724,78.78,89,20,5.01
56,Alice Springs,AU,2022-07-09 01:31:57,-23.7,133.8833,51.35,54,0,17.27
57,Hami,CN,2022-07-09 01:31:57,42.8,93.45,86.45,15,0,11.92
58,Kavaratti,IN,2022-07-09 01:31:57,10.5669,72.642,81.36,82,100,21.05
59,San Roque,ES,2022-07-09 01:31:57,36.2107,-5.3842,72.43,73,0,16.11
60,Burla,IN,2022-07-09 01:31:58,21.5,83.8667,81.84,78,13,6.4
61,Great Bend,US,2022-07-09 01:31:58,38.3645,-98.7648,87.93,55,0,8.05
62,Harper,LR,2022-07-09 01:31:58,4.375,-7.7169,75.22,84,100,9.57
63,Tuktoyaktuk,CA,2022-07-09 01:31:59,69.4541,-133.0374,66.2,82,40,16.11
64,Kavieng,PG,2022-07-09 01:31:59,-2.5744,150.7967,85.1,66,38,18.07
65,Ulaangom,MN,2022-07-09 01:31:59,49.9811,92.0667,69.89,43,37,7.34
66,Thompson,CA,2022-07-09 01:31:59,55.7435,-97.8558,78.96,34,40,11.5
67,Georgetown,MY,2022-07-09 01:30:22,5.4112,100.3354,84.13,91,20,3.44
68,Novyy Starodub,UA,2022-07-09 01:32:00,48.5158,33.1733,62.44,75,100,9.57
69,Balkhash,KZ,2022-07-09 01:32:00,46.844,74.9804,63.21,77,20,2.24
70,Chisec,GT,2022-07-09 01:32:01,15.8167,-90.2833,71.64,97,12,3.71
71,Machico,PT,2022-07-09 01:32:02,32.7,-16.7667,74.01,60,20,1.14
72,Angoche,MZ,2022-07-09 01:32:02,-16.2325,39.9086,70.56,73,2,8.52
73,Dikson,RU,2022-07-09 01:32:02,73.5069,80.5464,33.94,89,100,8.57
74,Cayenne,GF,2022-07-09 01:32:02,4.9333,-52.3333,81.09,1,0,0.0
75,Garowe,SO,2022-07-09 01:32:03,8.4054,48.4845,72.61,62,8,30.91
76,Hilo,US,2022-07-09 01:32:03,19.7297,-155.09,88.29,70,100,10.36
77,Severo-Kurilsk,RU,2022-07-09 01:32:03,50.6789,156.125,60.35,84,36,11.16
78,Plettenberg Bay,ZA,2022-07-09 01:32:04,-34.0527,23.3716,72.28,28,0,17.87
79,Punta Arenas,CL,2022-07-09 01:32:04,-53.15,-70.9167,32.11,100,100,6.91
80,Giyani,ZA,2022-07-09 01:32:04,-23.3025,30.7187,58.42,72,55,3.22
81,Lavrentiya,RU,2022-07-09 01:32:05,65.5833,-171.0,52.43,80,84,10.18
82,Avarua,CK,2022-07-09 01:32:05,-21.2078,-159.775,77.05,53,40,18.41
83,Port Hedland,AU,2022-07-09 01:31:26,-20.3167,118.5667,68.05,15,0,14.97
84,Sinnamary,GF,2022-07-09 01:32:05,5.3833,-52.95,77.83,87,39,6.49
85,Isangel,VU,2022-07-09 01:32:05,-19.55,169.2667,84.31,74,20,6.91
86,Namatanai,PG,2022-07-09 01:32:06,-3.6667,152.4333,84.87,65,99,12.64
87,Chokurdakh,RU,2022-07-09 01:32:06,70.6333,147.9167,53.04,47,100,14.45
88,Dunedin,NZ,2022-07-09 01:32:06,-45.8742,170.5036,43.81,90,100,10.0
89,Le Port,RE,2022-07-09 01:32:07,-20.9373,55.2919,66.2,66,36,6.06
90,Nacala,MZ,2022-07-09 01:32:07,-14.5428,40.6728,66.92,80,0,8.25
91,Evensk,RU,2022-07-09 01:33:07,61.95,159.2333,48.6,96,100,4.81
92,Klyuchi,RU,2022-07-09 01:33:07,52.2667,79.1667,66.76,63,54,9.53
93,Hualmay,PE,2022-07-09 01:33:08,-11.0964,-77.6139,62.76,79,8,6.53
94,Tautira,PF,2022-07-09 01:33:08,-17.7333,-149.15,77.38,72,1,5.14
95,Saint-Philippe,RE,2022-07-09 01:33:08,-21.3585,55.7679,65.79,76,91,17.87
96,Thomaston,US,2022-07-09 01:33:09,32.8882,-84.3266,76.08,92,0,4.61
97,Pasni,PK,2022-07-09 01:33:09,25.2631,63.471,80.56,91,100,15.17
98,Hermanus,ZA,2022-07-09 01:33:09,-34.4187,19.2345,49.8,56,3,7.09
99,Naryan-Mar,RU,2022-07-09 01:33:10,67.6713,53.087,58.87,66,3,15.9
100,Zhuanghe,CN,2022-07-09 01:33:10,39.7008,122.9911,81.54,69,0,2.86
101,Poum,NC,2022-07-09 01:33:10,-20.2333,164.0167,77.88,81,5,15.39
102,Puerto Ayora,EC,2022-07-09 01:33:10,-0.7393,-90.3518,71.55,89,27,5.99
103,Baykit,RU,2022-07-09 01:33:11,61.67,96.37,67.77,48,84,3.44
104,Grand Baie,MU,2022-07-09 01:33:11,-20.0182,57.5802,68.47,70,7,4.0
105,Biak,ID,2022-07-09 01:33:11,-0.9131,122.8766,78.62,83,98,6.67
106,Buchanan,LR,2022-07-09 01:33:12,5.8808,-10.0467,75.72,88,99,8.03
107,Kahului,US,2022-07-09 01:33:12,20.8947,-156.47,84.22,61,40,26.46
108,Coquimbo,CL,2022-07-09 01:33:12,-29.9533,-71.3436,55.13,76,75,3.44
109,East London,ZA,2022-07-09 01:33:12,-33.0153,27.9116,60.49,28,0,7.96
110,Yellowknife,CA,2022-07-09 01:33:13,62.456,-114.3525,75.72,41,75,14.97
111,Salalah,OM,2022-07-09 01:33:13,17.0151,54.0924,77.09,100,100,9.22
112,Ocos,GT,2022-07-09 01:33:13,14.5094,-92.1933,80.78,80,17,5.32
113,Torbay,CA,2022-07-09 01:30:24,47.6666,-52.7314,56.57,85,40,8.05
114,Hobart,AU,2022-07-09 01:31:45,-42.8794,147.3294,51.66,90,75,12.66
115,Goulburn,AU,2022-07-09 01:32:40,-34.75,149.7167,47.39,64,10,8.12
116,Makakilo City,US,2022-07-09 01:33:14,21.3469,-158.0858,80.92,72,75,10.36
117,West Wendover,US,2022-07-09 01:33:14,40.7391,-114.0733,97.81,7,0,5.75
118,Husavik,IS,2022-07-09 01:33:14,66.0449,-17.3389,45.77,80,92,6.4
119,Lipari,IT,2022-07-09 01:33:14,38.4674,14.954,77.32,59,0,20.71
120,Kralendijk,BQ,2022-07-09 01:33:15,12.15,-68.2667,80.58,83,20,16.11
121,Vardo,NO,2022-07-09 01:33:15,70.3705,31.1107,48.18,93,100,6.91
122,Ponta Do Sol,PT,2022-07-09 01:33:15,32.6667,-17.1,74.01,66,3,1.66
123,Iqaluit,CA,2022-07-09 01:33:16,63.7506,-68.5145,38.93,93,75,6.91
124,Port-Cartier,CA,2022-07-09 01:33:16,50.0334,-66.8654,56.88,65,12,10.16
125,Ust-Shonosha,RU,2022-07-09 01:33:16,61.1531,41.343,59.63,75,100,3.29
126,Port Hardy,CA,2022-07-09 01:30:24,50.6996,-127.4199,64.58,63,75,2.3
127,Hohoe,GH,2022-07-09 01:33:17,7.1518,0.4736,72.46,97,99,3.62
128,Ambilobe,MG,2022-07-09 01:33:17,-13.2,49.05,62.13,77,2,3.94
129,Bairiki,KI,2022-07-09 01:33:17,1.3292,172.9752,86.0,74,40,6.91
130,Igarka,RU,2022-07-09 01:33:18,67.4667,86.5833,56.28,80,100,4.47
131,Bredasdorp,ZA,2022-07-09 01:33:18,-34.5322,20.0403,51.73,69,2,6.22
132,Qaanaaq,GL,2022-07-09 01:33:18,77.484,-69.3632,39.16,84,100,4.05
133,Caxito,AO,2022-07-09 01:33:18,-8.5785,13.6643,63.99,98,100,1.68
134,Marsh Harbour,BS,2022-07-09 01:33:19,26.5412,-77.0636,82.36,75,86,13.87
135,Longyearbyen,SJ,2022-07-09 01:33:19,78.2186,15.6401,48.04,66,0,16.11
136,Belmonte,BR,2022-07-09 01:33:19,-15.8631,-38.8828,71.06,85,44,3.89
137,Aswan,EG,2022-07-09 01:33:19,24.0934,32.907,83.84,24,85,8.05
138,Bengkulu,ID,2022-07-09 01:33:20,-3.8004,102.2655,80.01,75,13,2.3
139,Hare Bay,CA,2022-07-09 01:33:20,48.8499,-54.0148,61.95,76,100,5.26
140,Vallenar,CL,2022-07-09 01:33:08,-28.5708,-70.7581,54.79,70,0,2.1
141,Kattivakkam,IN,2022-07-09 01:34:20,13.2167,80.3167,82.49,77,100,10.63
142,Cape Town,ZA,2022-07-09 01:34:21,-33.9258,18.4232,64.11,69,0,10.36
143,Carutapera,BR,2022-07-09 01:34:21,-1.195,-46.02,74.53,92,11,5.95
144,Port Elizabeth,ZA,2022-07-09 01:34:21,-33.918,25.5701,64.69,41,0,8.05
145,Mar Del Plata,AR,2022-07-09 01:30:04,-38.0023,-57.5575,51.1,80,0,20.0
146,Honningsvag,NO,2022-07-09 01:34:21,70.9821,25.9704,49.75,87,100,6.91
147,Imbituba,BR,2022-07-09 01:34:22,-28.24,-48.6703,62.1,94,74,3.31
148,Katherine,AU,2022-07-09 01:33:35,-14.4667,132.2667,71.92,30,63,17.27
149,Aden,YE,2022-07-09 01:30:03,12.7794,45.0367,86.02,71,100,11.01
150,Kodinsk,RU,2022-07-09 01:34:22,58.6881,99.1844,66.24,55,100,3.78
151,Pisco,PE,2022-07-09 01:34:22,-13.7,-76.2167,60.85,88,5,9.22
152,Vao,NC,2022-07-09 01:34:23,-22.6667,167.4833,75.51,83,2,9.64
153,Ribeira Grande,PT,2022-07-09 01:34:24,38.5167,-28.7,67.17,76,85,15.23
154,Fomboni,KM,2022-07-09 01:34:24,-12.28,43.7425,76.3,68,0,18.5
155,Gamba,GA,2022-07-09 01:34:24,-2.65,10.0,68.81,90,96,3.29
156,Wanning,CN,2022-07-09 01:34:25,18.8003,110.3967,84.79,79,82,4.63
157,Arvika,SE,2022-07-09 01:34:25,59.6553,12.5852,56.01,77,87,2.77
158,Santa Cecilia,BR,2022-07-09 01:34:25,-26.9608,-50.4269,51.35,99,99,3.13
159,Novyy Urgal,RU,2022-07-09 01:34:26,51.0736,132.5642,69.22,95,100,6.69
160,Neiafu,TO,2022-07-09 01:34:26,-18.65,-173.9833,79.48,73,40,11.5
161,Kutum,SD,2022-07-09 01:34:26,14.2,24.6667,77.38,48,100,12.37
162,Zambezi,ZM,2022-07-09 01:34:26,-13.5432,23.1047,50.67,68,4,6.13
163,Waiuku,NZ,2022-07-09 01:34:27,-37.25,174.75,66.09,79,0,12.15
164,Sarangani,PH,2022-07-09 01:34:27,5.4033,125.4636,82.92,75,100,17.29
165,Bethel,US,2022-07-09 01:34:27,41.3712,-73.414,75.15,82,100,2.62
166,Karratha,AU,2022-07-09 01:34:28,-20.7377,116.8463,68.11,20,3,17.85
167,Dukat,RU,2022-07-09 01:34:28,62.55,155.55,75.24,35,13,25.75
168,Grindavik,IS,2022-07-09 01:34:28,63.8424,-22.4338,48.67,87,100,10.36
169,Celestun,MX,2022-07-09 01:34:28,20.8667,-90.4,81.64,78,51,14.25
170,Maniitsoq,GL,2022-07-09 01:34:29,65.4167,-52.9,43.66,82,98,9.04
171,Saskylakh,RU,2022-07-09 01:34:29,71.9167,114.0833,60.66,38,100,14.25
172,Lompoc,US,2022-07-09 01:34:29,34.6391,-120.4579,80.02,80,0,13.8
173,Erzin,TR,2022-07-09 01:34:29,36.9559,36.2,74.19,91,60,0.83
174,Waseca,US,2022-07-09 01:34:30,44.0777,-93.5074,78.31,83,0,8.05
175,Guerrero Negro,MX,2022-07-09 01:34:30,27.9769,-114.0611,69.94,74,23,18.19
176,Flinders,AU,2022-07-09 01:34:30,-34.5833,150.8552,60.19,56,6,5.99
177,Iberia,US,2022-07-09 01:34:31,29.9502,-91.7507,89.67,70,0,8.05
178,Vilhena,BR,2022-07-09 01:34:31,-12.7406,-60.1458,68.88,57,6,2.95
179,Bandarbeyla,SO,2022-07-09 01:34:31,9.4942,50.8122,77.31,66,8,30.31
180,Havoysund,NO,2022-07-09 01:34:32,70.9963,24.6622,50.23,91,97,9.42
181,Saint George,US,2022-07-09 01:34:32,37.1041,-113.5841,102.79,10,0,21.85
182,Vila Franca Do Campo,PT,2022-07-09 01:34:32,37.7167,-25.4333,66.2,81,22,7.99
183,Half Moon Bay,US,2022-07-09 01:31:14,37.4636,-122.4286,80.55,72,100,23.02
184,Khasan,RU,2022-07-09 01:34:32,42.4308,130.6434,66.58,100,100,3.69
185,Morondava,MG,2022-07-09 01:34:33,-20.2833,44.2833,64.04,67,0,10.87
186,Airai,TL,2022-07-09 01:34:33,-8.9266,125.4092,64.62,80,75,2.98
187,Marabba,SD,2022-07-09 01:35:33,12.35,32.1833,78.48,73,100,7.25
188,Jerantut,MY,2022-07-09 01:35:34,3.936,102.3626,80.01,79,96,0.58
189,Bandarban,BD,2022-07-09 01:35:34,22.1965,92.2262,82.38,81,98,2.64
190,San Cristobal,VE,2022-07-09 01:35:34,7.7669,-72.225,71.78,94,95,2.82
191,Provideniya,RU,2022-07-09 01:35:34,64.3833,-173.3,53.91,77,26,9.69
192,Shingu,JP,2022-07-09 01:35:35,33.7333,135.9833,79.56,89,99,4.94
193,College,US,2022-07-09 01:35:35,64.8569,-147.8028,86.0,33,40,4.61
194,Taltal,CL,2022-07-09 01:35:35,-25.4,-70.4833,58.05,85,57,2.86
195,Bagotville,AU,2022-07-09 01:35:36,-28.9833,153.4167,60.85,55,92,4.97
196,Adet,ET,2022-07-09 01:35:36,11.2644,37.4888,56.37,95,100,1.83
197,Tiksi,RU,2022-07-09 01:35:36,71.6872,128.8694,47.07,57,100,10.16
198,Norden,DE,2022-07-09 01:35:36,53.6,7.2,60.96,85,70,13.15
199,Aklavik,CA,2022-07-09 01:35:37,68.2191,-135.0107,71.55,50,66,17.98
200,Kathu,TH,2022-07-09 01:35:37,7.9178,98.3332,84.69,99,100,11.39
201,New Norfolk,AU,2022-07-09 01:35:37,-42.7826,147.0587,51.3,85,100,1.99
202,Ola,RU,2022-07-09 01:35:38,59.5833,151.2833,66.15,90,95,6.42
203,Cidreira,BR,2022-07-09 01:35:38,-30.1811,-50.2056,61.2,85,8,18.14
204,Salinopolis,BR,2022-07-09 01:35:38,-0.6136,-47.3561,78.3,85,69,11.32
205,Bilibino,RU,2022-07-09 01:35:38,68.0546,166.4372,68.34,79,100,6.67
206,Khatanga,RU,2022-07-09 01:35:39,71.9667,102.5,46.02,89,100,13.31
207,Baturaja,ID,2022-07-09 01:35:39,-4.1333,104.1667,80.92,68,13,2.08
208,Leningradskiy,RU,2022-07-09 01:35:39,69.3833,178.4167,61.5,59,97,17.43
209,Pacific Grove,US,2022-07-09 01:35:40,36.6177,-121.9166,76.8,82,20,10.36
210,Moryakovskiy Zaton,RU,2022-07-09 01:35:40,56.6956,84.6467,64.02,61,83,4.43
211,Touros,BR,2022-07-09 01:35:40,-5.1989,-35.4608,73.24,90,7,14.14
212,Port Pirie,AU,2022-07-09 01:35:40,-33.1833,138.0167,55.49,61,14,7.31
213,Ixtapa,MX,2022-07-09 01:35:41,20.7,-105.2,78.22,94,100,5.75
214,Valencia,ES,2022-07-09 01:31:35,39.3333,-0.8333,72.75,75,0,1.57
215,Nioro,GM,2022-07-09 01:35:41,13.35,-15.75,79.2,83,99,6.78
216,Arman,RU,2022-07-09 01:35:41,59.7,150.1667,66.02,80,89,6.64
217,Kalamare,BW,2022-07-09 01:35:42,-22.9337,26.5703,49.96,65,0,7.2
218,Yatou,CN,2022-07-09 01:35:42,37.15,122.3833,88.02,49,24,4.56
219,Port Lincoln,AU,2022-07-09 01:35:42,-34.7333,135.8667,57.2,65,51,7.27
220,Walvis Bay,NA,2022-07-09 01:35:42,-22.9575,14.5053,58.15,94,0,5.75
221,Hofn,IS,2022-07-09 01:35:43,64.2539,-15.2082,49.06,88,84,3.38
222,Chake Chake,TZ,2022-07-09 01:35:43,-5.2459,39.7666,73.09,74,1,10.76
223,Camapua,BR,2022-07-09 01:35:43,-19.5314,-54.0439,70.12,36,13,5.06
224,San Jeronimo,PE,2022-07-09 01:35:44,-11.9472,-75.2829,48.04,79,58,4.41
225,Sitka,US,2022-07-09 01:32:02,57.0531,-135.33,57.09,82,100,6.91
226,Saint-Francois,FR,2022-07-09 01:35:44,46.4154,3.9054,53.04,94,0,1.14
227,Tuatapere,NZ,2022-07-09 01:35:44,-46.1333,167.6833,44.26,86,100,13.58
228,Pevek,RU,2022-07-09 01:35:44,69.7008,170.3133,50.41,85,100,21.77
229,Ruffano,IT,2022-07-09 01:35:45,39.9829,18.2464,67.12,72,39,13.82
230,Laizhou,CN,2022-07-09 01:36:45,37.1717,119.9214,88.38,53,100,5.61
231,Lata,PT,2022-07-09 01:36:45,40.1629,-8.3327,69.08,37,0,3.62
232,Camocim,BR,2022-07-09 01:36:46,-2.9022,-40.8411,75.34,83,5,10.47
233,Ilulissat,GL,2022-07-09 01:36:46,69.2167,-51.1,48.22,76,0,8.05
234,Forestville,US,2022-07-09 01:36:46,38.8451,-76.875,80.13,85,40,9.22
235,Sao Luiz Gonzaga,BR,2022-07-09 01:36:47,-28.4083,-54.9608,67.35,79,98,10.22
236,Comodoro Rivadavia,AR,2022-07-09 01:32:59,-45.8667,-67.5,51.66,40,0,20.71
237,Arlit,NE,2022-07-09 01:36:47,18.7369,7.3853,90.77,12,99,10.83
238,Huilong,CN,2022-07-09 01:36:47,31.8111,121.655,87.89,70,2,4.61
239,Cap Malheureux,MU,2022-07-09 01:36:48,-19.9842,57.6142,67.46,71,3,5.01
240,El Alto,PE,2022-07-09 01:36:48,-4.2714,-81.2147,61.75,87,14,13.53
241,Bahia Blanca,AR,2022-07-09 01:33:42,-38.7196,-62.2724,51.15,28,63,9.64
242,Sao Felix Do Xingu,BR,2022-07-09 01:32:21,-6.6447,-51.995,74.79,66,50,0.47
243,Porlamar,VE,2022-07-09 01:36:48,10.958,-63.8491,82.49,78,97,16.11
244,Praia,CV,2022-07-09 01:36:48,14.9215,-23.5087,75.74,78,75,13.8
245,Dongsheng,CN,2022-07-09 01:36:49,39.8161,109.9776,77.79,18,99,15.39
246,Kaeo,NZ,2022-07-09 01:36:49,-35.1,173.7833,63.05,76,1,11.5
247,Mount Pleasant,US,2022-07-09 01:36:49,32.7941,-79.8626,80.6,87,0,10.0
248,Olinda,BR,2022-07-09 01:36:50,-8.0089,-34.8553,74.93,88,40,13.8
249,Banbury,GB,2022-07-09 01:36:50,52.0602,-1.3403,59.68,60,8,1.01
250,Moose Factory,CA,2022-07-09 01:36:50,51.2585,-80.6094,50.0,81,0,6.91
251,Narsaq,GL,2022-07-09 01:36:50,60.9167,-46.05,52.02,84,100,2.13
252,Oranjestad,AW,2022-07-09 01:36:51,12.524,-70.027,80.55,83,20,17.27
253,Broome,US,2022-07-09 01:36:51,42.2506,-75.833,71.98,79,75,5.75
254,Raga,SS,2022-07-09 01:36:51,8.4596,25.678,68.74,84,99,3.83
255,Mahanoro,MG,2022-07-09 01:36:51,-19.9,48.8,67.55,81,99,10.83
256,Dauphin,CA,2022-07-09 01:36:52,51.1494,-100.0502,77.14,57,20,10.36
257,Kodiak,US,2022-07-09 01:33:17,57.79,-152.4072,54.91,88,100,13.8
258,South Lake Tahoe,US,2022-07-09 01:34:59,38.9332,-119.9844,79.25,39,0,8.05
259,Fenoarivo,MG,2022-07-09 01:36:52,-18.933,47.4354,53.67,87,75,9.22
260,Segezha,RU,2022-07-09 01:36:52,63.7415,34.3222,54.12,75,30,5.37
261,Nikolskoye,RU,2022-07-09 01:36:53,59.7035,30.7861,60.8,80,100,4.32
262,Storforshei,NO,2022-07-09 01:36:53,66.4043,14.5233,49.66,100,100,2.3
263,Dera Bugti,PK,2022-07-09 01:36:53,29.0307,69.151,88.18,63,3,1.83
264,Tsumeb,NA,2022-07-09 01:36:53,-19.2333,17.7167,56.39,35,0,8.5
265,Quatre Cocos,MU,2022-07-09 01:36:54,-20.2078,57.7625,68.11,62,47,21.43
266,Sao Gabriel Da Cachoeira,BR,2022-07-09 01:36:54,-0.1303,-67.0892,72.55,98,84,2.64
267,Eureka,US,2022-07-09 01:35:22,40.8021,-124.1637,70.2,76,15,1.99
268,Ginir,ET,2022-07-09 01:36:54,7.1333,40.7,54.91,86,94,10.18
269,Yenagoa,NG,2022-07-09 01:36:55,4.9247,6.2642,73.69,95,100,4.59
270,Talnakh,RU,2022-07-09 01:36:55,69.4865,88.3972,51.21,70,99,3.22
271,Tabuk,PH,2022-07-09 01:36:55,17.4189,121.4443,84.83,73,98,5.75
272,Ahipara,NZ,2022-07-09 01:36:55,-35.1667,173.1667,61.86,80,0,12.26
273,Kiruna,SE,2022-07-09 01:36:56,67.8557,20.2251,45.52,87,40,0.0
274,Solton,RU,2022-07-09 01:36:56,52.8429,86.4787,64.51,85,8,4.32
275,Ngawen,ID,2022-07-09 01:37:56,-7.0032,111.3129,77.74,68,40,6.62
276,Marawi,PH,2022-07-09 01:37:57,7.9986,124.2928,76.08,79,100,2.84
277,Paamiut,GL,2022-07-09 01:37:57,61.994,-49.6678,39.88,96,100,14.56
278,Waingapu,ID,2022-07-09 01:37:57,-9.6567,120.2641,80.82,69,100,13.6
279,Manaure,CO,2022-07-09 01:37:57,11.7751,-72.4445,81.37,73,26,17.36
280,Nuuk,GL,2022-07-09 01:37:58,64.1835,-51.7216,43.41,87,75,5.01
281,Mitsamiouli,KM,2022-07-09 01:37:58,-11.3847,43.2844,75.42,65,3,7.63
282,Cognac,FR,2022-07-09 01:37:58,45.5,-0.25,67.6,52,0,5.75
283,Porto Novo,BJ,2022-07-09 01:37:59,6.4965,2.6036,78.62,93,98,6.11
284,Olafsvik,IS,2022-07-09 01:37:59,64.8945,-23.7142,49.86,85,100,11.63
285,Souillac,MU,2022-07-09 01:37:59,-20.5167,57.5167,68.38,73,75,14.97
286,Haines Junction,CA,2022-07-09 01:37:59,60.7522,-137.5108,69.75,37,27,13.8
287,Kruisfontein,ZA,2022-07-09 01:38:00,-34.0033,24.7314,57.88,27,0,14.25
288,Deputatskiy,RU,2022-07-09 01:38:00,69.3,139.9,41.86,78,100,3.65
289,Myitkyina,MM,2022-07-09 01:38:00,25.3833,97.4,81.68,85,74,1.74
290,Melk,AT,2022-07-09 01:38:00,48.2274,15.3319,60.15,88,88,4.99
291,San Patricio,US,2022-07-09 01:38:01,28.017,-97.5169,89.55,69,7,14.07
292,Hoa Binh,VN,2022-07-09 01:34:35,20.8133,105.3383,82.56,85,100,2.37
293,Castro,BR,2022-07-09 01:38:01,-24.7911,-50.0119,54.84,91,90,4.81
294,Ilinskiy,RU,2022-07-09 01:38:01,55.619,38.1182,57.58,100,0,0.0
295,Gizo,SB,2022-07-09 01:38:02,-8.103,156.8419,83.75,66,86,4.68
296,Bonfim,BR,2022-07-09 01:38:02,3.0833,-59.95,75.56,89,40,4.92
297,Adrar,MR,2022-07-09 01:38:02,20.5022,-10.0711,92.62,27,63,10.67
298,Chuy,UY,2022-07-09 01:38:03,-33.6971,-53.4616,52.21,77,75,13.09
299,Fortuna,US,2022-07-09 01:38:03,40.5982,-124.1573,69.93,76,0,1.99
300,Howard Springs,AU,2022-07-09 01:38:03,-12.497,131.047,77.83,52,81,10.04
301,Grand-Lahou,CI,2022-07-09 01:38:04,5.1367,-5.0242,75.54,90,100,10.69
302,Pemangkat,ID,2022-07-09 01:38:04,1.1667,108.9667,81.37,82,100,9.4
303,Golden,US,2022-07-09 01:38:04,39.7555,-105.2211,87.28,34,75,7.0
304,Lufilufi,WS,2022-07-09 01:38:04,-13.8745,-171.5986,89.38,79,16,19.26
305,Luderitz,NA,2022-07-09 01:38:05,-26.6481,15.1594,56.53,78,0,6.33
306,Muros,ES,2022-07-09 01:38:05,42.7762,-9.0603,71.17,76,0,7.63
307,Maarianhamina,AX,2022-07-09 01:37:00,60.0973,19.9348,62.46,77,0,6.91
308,Kjopsvik,NO,2022-07-09 01:38:05,68.097,16.3742,53.17,82,100,4.07
309,Christchurch,NZ,2022-07-09 01:38:06,-43.5333,172.6333,49.91,90,100,19.57
310,Gorontalo,ID,2022-07-09 01:38:06,0.5412,123.0595,84.34,73,67,6.08
311,Huanren,CN,2022-07-09 01:38:06,41.2647,125.3667,83.53,67,20,3.53
312,Saint-Pierre,RE,2022-07-09 01:38:06,-21.3393,55.4781,65.88,72,75,10.36
313,Santa Maria,BR,2022-07-09 01:38:07,-29.6842,-53.8069,54.7,100,75,10.36
314,Caravelas,BR,2022-07-09 01:38:07,-17.7125,-39.2481,69.94,90,0,3.06
315,Polunochnoye,RU,2022-07-09 01:38:07,60.8697,60.4153,70.36,70,3,4.23
316,Redmond,US,2022-07-09 01:37:37,47.674,-122.1215,78.31,60,98,7.25
317,Raudeberg,NO,2022-07-09 01:38:08,61.9875,5.1352,50.67,80,100,24.54
318,Henties Bay,NA,2022-07-09 01:38:08,-22.116,14.2845,56.79,88,0,4.09
319,Sao Filipe,CV,2022-07-09 01:38:08,14.8961,-24.4956,73.6,80,97,8.48
320,Baiao,BR,2022-07-09 01:38:09,-2.7906,-49.6717,73.85,81,26,2.8
321,Kungurtug,RU,2022-07-09 01:38:09,50.5994,97.5228,62.71,51,40,2.98
322,Presidencia Roque Saenz Pena,AR,2022-07-09 01:39:09,-26.7852,-60.4388,65.14,77,3,4.94
323,Lorengau,PG,2022-07-09 01:39:09,-2.0226,147.2712,82.33,81,100,12.28
324,Klaksvik,FO,2022-07-09 01:39:10,62.2266,-6.589,49.12,84,84,17.13
325,Cairns,AU,2022-07-09 01:37:30,-16.9167,145.7667,78.12,63,8,10.36
326,Kieta,PG,2022-07-09 01:39:10,-6.2167,155.6333,85.3,60,72,7.0
327,Duobao,CN,2022-07-09 01:39:10,30.67,112.6895,87.49,74,8,12.46
328,Qaqortoq,GL,2022-07-09 01:39:11,60.7167,-46.0333,46.76,86,100,1.77
329,Svetlyy,RU,2022-07-09 01:39:11,54.675,20.1347,55.45,92,14,9.26
330,Mayo,US,2022-07-09 01:39:11,38.8876,-76.5119,81.01,82,0,3.44
331,Tilichiki,RU,2022-07-09 01:39:11,60.4667,166.1,61.3,75,59,8.59
332,Tuy Hoa,VN,2022-07-09 01:39:12,13.0833,109.3,79.84,82,100,13.44
333,Santa Fe,AR,2022-07-09 01:39:12,-31.6333,-60.7,57.99,66,10,4.0
334,Upernavik,GL,2022-07-09 01:39:12,72.7868,-56.1549,36.68,97,100,16.49
335,Kenora,CA,2022-07-09 01:39:13,49.8167,-94.4337,76.17,41,40,6.91
336,Thinadhoo,MV,2022-07-09 01:39:13,0.5333,72.9333,81.97,76,94,6.93
337,Kidal,ML,2022-07-09 01:39:13,18.4411,1.4078,89.31,11,14,7.85
338,Trenggalek,ID,2022-07-09 01:39:14,-8.05,111.7167,78.28,73,12,4.09
339,Toora-Khem,RU,2022-07-09 01:39:14,52.4675,96.11,67.32,53,0,0.16
340,Yeroham,IL,2022-07-09 01:39:14,30.9872,34.9314,68.29,86,0,4.79
341,Gorodovikovsk,RU,2022-07-09 01:39:15,46.0878,41.9335,65.95,51,12,8.46
342,Bima,ID,2022-07-09 01:39:15,-8.4667,118.7167,85.37,59,100,5.61
343,Tecoanapa,MX,2022-07-09 01:39:15,16.5167,-98.75,79.57,86,100,4.03
344,Bonito,BR,2022-07-09 01:39:15,-21.1211,-56.4819,68.22,49,41,0.74
345,Keti Bandar,PK,2022-07-09 01:39:16,24.1447,67.4497,81.39,83,100,11.68
346,Aykhal,RU,2022-07-09 01:39:16,66.0,111.5,53.47,52,28,5.55
347,Vestmannaeyjar,IS,2022-07-09 01:39:16,63.4427,-20.2734,50.36,88,100,11.88
348,Ayorou,NE,2022-07-09 01:39:17,14.7308,0.9174,87.8,50,100,18.1
349,Orsha,BY,2022-07-09 01:39:17,54.5153,30.4053,54.95,84,32,2.68
350,Chabahar,IR,2022-07-09 01:39:17,25.2919,60.643,83.64,84,77,5.1
351,Buraydah,SA,2022-07-09 01:39:12,26.326,43.975,84.65,13,53,9.15
352,Hithadhoo,MV,2022-07-09 01:39:17,-0.6,73.0833,80.71,79,100,5.12
353,Gusau,NG,2022-07-09 01:39:18,12.1628,6.6614,78.15,73,100,14.81
354,Ouahigouya,BF,2022-07-09 01:39:18,13.5828,-2.4216,83.93,58,100,15.86
355,Broken Hill,AU,2022-07-09 01:39:18,-31.95,141.4333,52.05,55,5,14.85
356,Vaxjo,SE,2022-07-09 01:39:19,56.8777,14.8091,57.25,94,100,10.36
357,Tasiilaq,GL,2022-07-09 01:39:19,65.6145,-37.6368,46.56,92,100,6.49
358,Ihosy,MG,2022-07-09 01:39:19,-22.4,46.1167,52.92,95,25,8.05
359,Saint-Louis,SN,2022-07-09 01:39:20,16.3333,-15.0,80.2,69,100,12.77
360,Jambi,ID,2022-07-09 01:39:20,-1.6,103.6167,77.32,89,91,2.57
361,Klitos,GR,2022-07-09 01:39:20,40.4333,21.8667,59.2,88,100,10.36
362,Ribeira Brava,PT,2022-07-09 01:39:20,32.65,-17.0667,67.12,66,3,0.72
363,Excelsior Springs,US,2022-07-09 01:39:21,39.3392,-94.2261,84.07,77,40,6.91
364,Cabo San Lucas,MX,2022-07-09 01:39:21,22.8909,-109.9124,91.71,29,20,6.91
365,Belyy Yar,RU,2022-07-09 01:39:06,53.6039,91.3903,66.85,65,0,4.47
366,Waipawa,NZ,2022-07-09 01:39:21,-41.4122,175.5153,55.22,69,10,25.77
367,Kuito,AO,2022-07-09 01:39:22,-12.3833,16.9333,49.89,52,12,3.83
368,Kongwa,TZ,2022-07-09 01:39:22,-6.2,36.4167,54.19,92,4,4.38
369,Viedma,AR,2022-07-09 01:39:22,-40.8135,-62.9967,49.23,28,99,19.33
370,Rosarito,MX,2022-07-09 01:35:44,32.3333,-117.0333,79.66,70,8,10.0
371,Kamenka,RU,2022-07-09 01:40:23,51.3223,42.7678,65.91,59,2,5.06
372,Enshi,CN,2022-07-09 01:40:23,30.3,109.4833,86.5,72,24,2.48
373,Vanimo,PG,2022-07-09 01:40:23,-2.6741,141.3028,85.33,64,99,5.91
374,Benguela,AO,2022-07-09 01:40:23,-12.5763,13.4055,66.96,87,6,2.75
375,Chimore,BO,2022-07-09 01:40:24,-16.9833,-65.1333,70.92,91,90,2.93
376,Mehamn,NO,2022-07-09 01:40:24,71.0357,27.8492,49.95,93,100,3.44
377,Zhanaozen,KZ,2022-07-09 01:40:24,43.3,52.8,76.59,29,0,9.42
378,Darhan,MN,2022-07-09 01:37:36,49.4867,105.9228,58.75,85,100,4.36
379,Whitehorse,CA,2022-07-09 01:40:25,60.7161,-135.0538,74.17,35,40,11.5
380,Taguatinga,BR,2022-07-09 01:40:25,-12.3857,-46.5711,75.92,36,31,9.55
381,Udimskiy,RU,2022-07-09 01:40:25,61.1417,45.9144,60.73,75,69,2.71
382,San Juan,AR,2022-07-09 01:38:29,-31.5375,-68.5364,50.31,33,0,2.17
383,Hay River,CA,2022-07-09 01:40:25,60.8156,-115.7999,75.18,53,75,11.5
384,Hailey,US,2022-07-09 01:40:26,43.5196,-114.3153,87.66,18,0,0.0
385,Cabra,ES,2022-07-09 01:40:26,37.4725,-4.4421,71.96,50,0,5.17
386,Byron Bay,AU,2022-07-09 01:40:26,-28.65,153.6167,60.94,61,19,8.72
387,Peno,RU,2022-07-09 01:40:27,56.9262,32.7426,58.51,77,99,2.55
388,Portland,US,2022-07-09 01:38:04,45.5234,-122.6762,82.38,49,20,9.22
389,Arona,ES,2022-07-09 01:40:27,28.0996,-16.681,64.92,83,0,11.5
390,Suntar,RU,2022-07-09 01:40:27,62.1444,117.6319,61.34,86,100,1.77
391,Alberdi,AR,2022-07-09 01:40:27,-32.8899,-60.6906,56.03,48,100,5.75
392,Acarau,BR,2022-07-09 01:40:28,-2.8856,-40.12,77.9,76,47,12.66
393,Sorong,ID,2022-07-09 01:40:28,-0.8833,131.25,78.87,85,100,6.96
394,Khilok,RU,2022-07-09 01:40:28,51.3674,110.4676,67.84,52,25,12.75
395,Bud,US,2022-07-09 01:40:29,39.447,-86.1758,75.67,93,81,10.76
396,Bozeman,US,2022-07-09 01:38:45,45.6796,-111.0386,87.22,42,0,8.05
397,Rockhampton,AU,2022-07-09 01:40:29,-23.3833,150.5,62.49,42,0,11.5
398,Forio,IT,2022-07-09 01:40:29,40.7342,13.8646,75.42,65,0,5.01
399,Geraldton,AU,2022-07-09 01:40:30,-28.7667,114.6,61.21,29,0,14.97
400,Martapura,ID,2022-07-09 01:40:30,-3.4167,114.85,82.49,69,0,2.3
401,Kirovskiy,RU,2022-07-09 01:40:30,45.0917,133.5136,76.55,76,94,7.23
402,Montepuez,MZ,2022-07-09 01:40:31,-13.1256,38.9997,58.35,93,0,6.71
403,Manggar,ID,2022-07-09 01:40:31,-2.8833,108.2667,84.04,67,24,9.64
404,Sur,OM,2022-07-09 01:40:31,22.5667,59.5289,84.06,79,97,7.85
405,Aketi,CD,2022-07-09 01:40:32,2.7388,23.7833,74.86,72,100,2.13
406,Alta Floresta,BR,2022-07-09 01:40:32,-9.8756,-56.0861,73.36,54,0,3.47
407,Cascas,PE,2022-07-09 01:40:32,-7.4833,-78.8167,64.2,66,27,1.99
408,Nemuro,JP,2022-07-09 01:40:32,43.3236,145.575,57.78,89,100,9.91
409,Kem,RU,2022-07-09 01:40:33,64.9555,34.5793,55.15,71,95,6.73
410,Kloulklubed,PW,2022-07-09 01:40:33,7.0419,134.2556,81.1,78,100,13.4
411,Camacha,PT,2022-07-09 01:40:33,33.0833,-16.3333,63.82,88,40,11.5
412,Mamlyutka,KZ,2022-07-09 01:40:33,54.9375,68.5394,65.53,78,0,4.92
413,Muroto,JP,2022-07-09 01:40:34,33.2833,134.15,80.04,80,46,5.28
414,Lagos,NG,2022-07-09 01:39:59,6.5833,3.75,75.52,97,100,3.02
415,Serenje,ZM,2022-07-09 01:40:34,-13.2325,30.2352,48.36,93,0,4.34
416,Avera,US,2022-07-09 01:40:34,33.194,-82.5271,77.05,96,95,7.49
417,Arinos,BR,2022-07-09 01:41:35,-15.9169,-46.1056,64.35,54,12,1.39
418,Miquelon,PM,2022-07-09 01:41:35,47.0975,-56.3814,51.8,86,41,8.97
419,Alindao,CF,2022-07-09 01:41:35,5.0267,21.2088,70.29,93,81,2.17
420,Manokwari,ID,2022-07-09 01:41:35,-0.8667,134.0833,82.81,68,100,3.36
421,Leshan,CN,2022-07-09 01:41:36,29.5623,103.7639,89.73,62,17,0.81
422,Alenquer,BR,2022-07-09 01:41:05,-1.9417,-54.7383,73.99,95,36,3.96
423,Nong Bua,TH,2022-07-09 01:41:36,15.8646,100.5858,77.67,89,100,5.08
424,Katsuura,JP,2022-07-09 01:41:36,35.1333,140.3,78.84,71,100,9.46
425,Lodwar,KE,2022-07-09 01:41:37,3.1191,35.5973,75.47,59,91,19.08
426,Roald,NO,2022-07-09 01:41:37,62.5833,6.1333,54.75,87,75,19.57
427,Swellendam,ZA,2022-07-09 01:41:37,-34.0226,20.4417,59.65,40,0,7.47
428,Mandali,IQ,2022-07-09 01:41:37,33.7499,45.5541,88.03,20,0,7.38
429,Itamaraca,BR,2022-07-09 01:41:38,-7.7478,-34.8256,75.25,82,0,11.1
430,Otukpo,NG,2022-07-09 01:41:38,7.1913,8.1329,71.73,96,100,4.16
431,Biloela,AU,2022-07-09 01:41:38,-24.4167,150.5,60.12,42,0,13.85
432,Xinxiang,CN,2022-07-09 01:36:41,35.3089,113.8672,91.33,58,73,5.57
433,Umm Kaddadah,SD,2022-07-09 01:41:39,13.6017,26.6876,81.32,58,96,14.36
434,Dickson,US,2022-07-09 01:41:40,36.077,-87.3878,87.84,75,75,1.01
435,Paita,PE,2022-07-09 01:41:40,-5.0892,-81.1144,64.08,86,17,13.6
436,Piney Green,US,2022-07-09 01:41:40,34.716,-77.3202,82.33,97,75,5.75
437,Jalu,LY,2022-07-09 01:41:41,29.0331,21.5482,80.67,43,0,7.56
438,Puerto Escondido,MX,2022-07-09 01:41:41,15.85,-97.0667,81.19,85,83,4.16
439,Galle,LK,2022-07-09 01:41:41,6.0367,80.217,80.24,86,84,14.43
440,Itarema,BR,2022-07-09 01:41:41,-2.9248,-39.9167,77.29,78,62,11.34
441,Smithers,CA,2022-07-09 01:41:42,54.7804,-127.1743,64.72,59,40,10.36
442,Jizan,SA,2022-07-09 01:41:42,17.3333,42.6667,88.74,40,100,5.35
443,Sibolga,ID,2022-07-09 01:41:42,1.7427,98.7792,82.81,68,79,0.78
444,Erdenet,MN,2022-07-09 01:41:42,49.0333,104.0833,59.07,66,8,5.86
445,Moanda,GA,2022-07-09 01:41:43,-1.5575,13.2178,69.39,83,66,3.36
446,Doctor Juan Leon Mallorquin,PY,2022-07-09 01:41:43,-25.4,-55.2667,69.53,71,99,5.14
447,Rabo De Peixe,PT,2022-07-09 01:41:43,37.8,-25.5833,65.28,87,40,10.36
448,Ostrovnoy,RU,2022-07-09 01:41:43,68.0531,39.5131,52.59,84,29,14.58
449,Alofi,NU,2022-07-09 01:41:44,-19.0595,-169.9187,76.89,73,29,21.85
450,Ternate,ID,2022-07-09 01:41:44,0.8,127.4,80.19,80,100,8.08
451,Tucurui,BR,2022-07-09 01:41:44,-3.7661,-49.6725,74.03,80,68,3.47
452,Altamont,US,2022-07-09 01:41:45,42.2068,-121.7372,80.78,35,20,12.66
453,Yinchuan,CN,2022-07-09 01:41:45,38.4681,106.2731,85.3,21,57,11.74
454,Tivaouane,SN,2022-07-09 01:41:45,14.9515,-16.8129,80.94,80,91,10.76
455,Emerald,AU,2022-07-09 01:41:45,-23.5333,148.1667,58.33,52,0,12.1
456,Normandin,CA,2022-07-09 01:41:46,48.8333,-72.5321,57.51,62,44,6.91
457,Los Llanos De Aridane,ES,2022-07-09 01:41:47,28.6585,-17.9182,72.12,48,0,18.41
458,Sibu,MY,2022-07-09 01:41:47,2.3,111.8167,77.31,83,40,5.99
459,Gibara,CU,2022-07-09 01:41:47,21.1097,-76.1317,76.32,79,3,13.35
460,Doha,QA,2022-07-09 01:41:48,25.2867,51.5333,91.71,75,0,3.44
461,Xining,CN,2022-07-09 01:41:48,36.6167,101.7667,68.52,67,43,2.44
462,Bonthe,SL,2022-07-09 01:41:48,7.5264,-12.505,76.64,85,99,7.11
463,Corpus Christi,US,2022-07-09 01:42:49,27.8006,-97.3964,88.03,75,40,14.97
464,Moa,CU,2022-07-09 01:42:49,20.6569,-74.9403,79.34,86,47,11.36
465,Kenai,US,2022-07-09 01:42:49,60.5544,-151.2583,68.09,55,100,13.8
466,Sao Joao Da Barra,BR,2022-07-09 01:42:09,-21.6403,-41.0511,70.57,86,1,11.79
467,Mogadishu,SO,2022-07-09 01:42:50,2.0371,45.3438,75.13,82,54,22.28
468,Bambous Virieux,MU,2022-07-09 01:42:50,-20.3428,57.7575,68.25,73,75,14.97
469,Belousovka,KZ,2022-07-09 01:42:50,50.1339,82.5239,59.85,82,75,2.24
470,Lardos,GR,2022-07-09 01:42:50,36.0942,28.0157,77.95,80,0,14.18
471,Biltine,TD,2022-07-09 01:42:51,14.5333,20.9167,78.55,52,41,9.04
472,Asfi,MA,2022-07-09 01:42:51,32.2994,-9.2372,75.74,55,9,10.6
473,Hazorasp,UZ,2022-07-09 01:42:51,41.3194,61.0742,67.84,34,0,10.83
474,Iranshahr,IR,2022-07-09 01:42:52,27.2025,60.6848,85.87,64,60,5.73
475,Linhares,BR,2022-07-09 01:42:52,-19.3911,-40.0722,64.72,93,0,0.58
476,Catu,BR,2022-07-09 01:42:52,-12.3531,-38.3789,64.76,94,0,2.08
477,Anamur,TR,2022-07-09 01:42:52,36.0751,32.8369,79.38,61,0,5.21
478,San Quintin,MX,2022-07-09 01:42:53,30.4833,-115.95,67.82,78,0,13.82
479,Altamira,BR,2022-07-09 01:42:53,-3.2033,-52.2064,71.98,97,33,1.7
480,Augusto Correa,BR,2022-07-09 01:42:53,-1.0217,-46.635,74.28,91,7,3.96
481,Matara,LK,2022-07-09 01:42:53,5.9485,80.5353,80.1,84,93,12.88
482,Gazimurskiy Zavod,RU,2022-07-09 01:42:54,51.5461,118.3266,53.92,98,100,5.28
483,Piterka,RU,2022-07-09 01:42:54,50.6803,47.4454,69.78,48,0,7.9
484,Mayumba,GA,2022-07-09 01:42:54,-3.432,10.6554,69.33,90,100,3.53
485,Bafra,TR,2022-07-09 01:42:55,41.5678,35.9069,69.82,68,1,3.89
486,Turhal,TR,2022-07-09 01:42:55,40.3875,36.0811,62.13,79,37,2.84
487,Xuddur,SO,2022-07-09 01:42:55,4.1213,43.8894,68.99,77,100,21.43
488,Eganville,CA,2022-07-09 01:42:55,45.5334,-77.0994,53.51,70,0,5.12
489,Yulara,AU,2022-07-09 01:42:56,-25.2406,130.9889,54.73,46,0,15.86
490,Marzuq,YE,2022-07-09 01:42:56,14.4,46.4667,73.47,50,100,14.52
491,Ancud,CL,2022-07-09 01:42:56,-41.8697,-73.8203,47.23,90,100,19.3
492,Port Augusta,AU,2022-07-09 01:42:57,-32.5,137.7667,57.29,60,4,9.22
493,Uyemskiy,RU,2022-07-09 01:42:57,64.4743,40.8524,57.25,82,20,2.24
494,Omboue,GA,2022-07-09 01:42:57,-1.5746,9.2618,70.5,88,100,5.79
495,Dillon,US,2022-07-09 01:42:57,34.4166,-79.3712,80.58,93,85,11.16
496,Shanghai,CN,2022-07-09 01:39:03,31.2222,121.4581,96.67,76,40,6.71
497,Shahrud,IR,2022-07-09 01:42:58,36.4182,54.9763,69.3,44,0,8.95
498,Senador Jose Porfirio,BR,2022-07-09 01:42:58,-2.5908,-51.9542,73.76,95,23,1.12
499,Springdale,US,2022-07-09 01:40:46,36.1867,-94.1288,96.53,49,0,5.75
500,Conyers,US,2022-07-09 01:42:58,33.6676,-84.0177,83.48,92,0,0.0
501,Santa Lucia,ES,2022-07-09 01:42:59,27.9117,-15.5407,65.52,78,20,24.16
502,Jiwani,PK,2022-07-09 01:42:59,25.05,61.7417,82.94,86,100,10.85
503,Ulladulla,AU,2022-07-09 01:42:59,-35.35,150.4667,56.61,54,57,8.16
504,Kainantu,PG,2022-07-09 01:42:59,-6.2887,145.8655,74.8,45,65,6.15
505,Eydhafushi,MV,2022-07-09 01:43:00,5.1033,73.0708,82.56,75,100,16.02
506,Stoughton,US,2022-07-09 01:41:17,42.1251,-71.1023,76.66,77,0,8.05
507,Zlobin,HR,2022-07-09 01:44:00,45.2924,14.6541,60.1,40,0,8.05
508,Abeche,TD,2022-07-09 01:44:00,13.8292,20.8324,75.63,65,100,0.54
509,Big Rapids,US,2022-07-09 01:44:01,43.6981,-85.4837,69.87,68,40,4.61
510,Rakovnik,CZ,2022-07-09 01:44:01,50.1037,13.7334,56.03,81,98,3.94
511,Carsamba,TR,2022-07-09 01:44:01,41.1989,36.7219,69.78,100,40,1.14
512,Menongue,AO,2022-07-09 01:44:01,-14.6585,17.691,49.15,60,0,4.43
513,Kovdor,RU,2022-07-09 01:44:02,67.5662,30.4758,49.98,81,99,2.46
514,Tagusao,PH,2022-07-09 01:44:02,9.1924,117.8141,82.09,82,86,16.15
515,Kudahuvadhoo,MV,2022-07-09 01:41:50,2.6708,72.8944,82.35,74,83,10.89
516,Nadvoitsy,RU,2022-07-09 01:44:02,63.8667,34.3167,54.3,72,57,5.21
517,Nome,US,2022-07-09 01:39:39,64.5011,-165.4064,70.16,67,0,13.8
518,Hermitage,US,2022-07-09 01:44:03,41.2334,-80.4487,74.61,83,100,4.43
519,Dublin,US,2022-07-09 01:44:03,37.7021,-121.9358,84.06,62,0,13.8
520,Kawhia,NZ,2022-07-09 01:44:03,-38.0651,174.8183,61.5,86,2,17.67
521,Troitsk,RU,2022-07-09 01:44:04,54.0979,61.5773,65.64,77,37,2.44
522,Vaitape,PF,2022-07-09 01:44:04,-16.5167,-151.75,78.48,69,0,8.21
523,Ramhormoz,IR,2022-07-09 01:44:04,31.28,49.6035,92.37,14,77,2.19
524,Talaya,RU,2022-07-09 01:44:05,61.3833,152.75,78.73,44,73,10.45
525,Zhanakorgan,KZ,2022-07-09 01:44:05,43.9098,67.2495,76.32,28,0,4.79
526,Vila Velha,BR,2022-07-09 01:42:53,-20.3297,-40.2925,68.95,88,40,3.44
527,Lensk,RU,2022-07-09 01:44:05,60.7253,114.9278,69.85,63,91,3.53
528,Bazaliya,UA,2022-07-09 01:44:05,49.7127,26.4733,59.5,70,100,6.8
529,Stornoway,GB,2022-07-09 01:44:06,58.2093,-6.3865,53.56,89,100,5.99
530,Beloha,MG,2022-07-09 01:44:06,-25.1667,45.05,59.31,74,0,8.61
531,Ponta Delgada,PT,2022-07-09 01:44:06,37.7333,-25.6667,66.51,88,40,10.36
532,Coihaique,CL,2022-07-09 01:44:07,-45.5752,-72.0662,35.55,93,100,3.44
533,Chikwawa,MW,2022-07-09 01:44:07,-16.0335,34.8009,62.28,94,52,2.89
534,Pangnirtung,CA,2022-07-09 01:44:07,66.1451,-65.7125,49.84,73,100,1.79
535,Port Blair,IN,2022-07-09 01:44:07,11.6667,92.75,82.02,80,100,21.23
536,Puerto Boyaca,CO,2022-07-09 01:44:08,5.9758,-74.5885,75.49,78,100,4.0
537,Barreirinha,BR,2022-07-09 01:44:08,-2.7933,-57.07,73.71,96,27,3.31
538,Esna,EG,2022-07-09 01:44:08,25.2934,32.554,83.55,26,68,9.46
539,Ondjiva,AO,2022-07-09 01:44:08,-17.0667,15.7333,53.91,46,0,6.64
540,Vincennes,FR,2022-07-09 01:44:09,48.85,2.4333,65.89,72,0,5.75
541,Indiaroba,BR,2022-07-09 01:44:10,-11.5192,-37.5117,70.09,86,16,4.29
542,Inuvik,CA,2022-07-09 01:44:10,68.3499,-133.7218,79.56,61,75,11.5
543,Tanga,TZ,2022-07-09 01:44:11,-5.0667,39.1,68.94,86,3,11.18
544,Sayyan,YE,2022-07-09 01:44:11,15.1718,44.3244,58.62,60,100,10.56
545,Tura,IN,2022-07-09 01:44:11,25.5198,90.2201,81.0,75,6,4.03
546,Verkhoyansk,RU,2022-07-09 01:44:11,67.5447,133.385,47.8,73,100,3.58
547,Krasnoselkup,RU,2022-07-09 01:44:12,65.7,82.4667,71.24,70,100,13.76
548,Mlimba,TZ,2022-07-09 01:44:12,-8.8,35.8167,60.94,88,5,2.53
549,Odweyne,SO,2022-07-09 01:44:12,9.4092,45.064,68.31,67,69,22.93
550,Grand-Santi,GF,2022-07-09 01:44:12,4.25,-54.3833,72.68,99,36,2.21
551,Carmen,MX,2022-07-09 01:44:13,18.6333,-91.8333,82.38,78,30,15.01
552,Grand Gaube,MU,2022-07-09 01:44:13,-20.0064,57.6608,68.4,71,5,5.99
553,Makat,KZ,2022-07-09 01:44:13,47.6469,53.3463,74.57,48,0,8.63
554,Saint Anthony,US,2022-07-09 01:44:14,45.0205,-93.218,78.69,68,40,6.91
555,Cockburn Town,TC,2022-07-09 01:41:18,21.4612,-71.1419,81.75,82,6,20.74
